<?xml version="1.0"?>
<application xmlns:xsi="http://www.w3.org/2001/XMLSchema-instance"
             xsi:noNamespaceSchemaLocation="http://www.m-files.com/schemas/appdef-client-v4.xsd">
	<guid>8463bb1d-0578-4f15-a644-d09d3958c1dd</guid>
	<name>MFiles.PeraniAndPartners.UI_Extension</name>
	<version>1.0</version>
	<description></description>
	<publisher></publisher>	
	<copyright></copyright>
	<required-mfiles-version>20.12.0.0</required-mfiles-version>
	<optional>true</optional>
	<enabled-by-default>true</enabled-by-default>
  <platforms>
    <platform>Desktop</platform>
  </platforms>
	<modules>
		<module environment="shellui" fast-browsing-compatible="true">
			<file>console-shellui.js</file>
			<file>shellui.js</file>
		</module>
	</modules>
	<dashboards>
		<dashboard id="intranet-dashboard">
			<content>my-dashboard/my-dashboard.html</content>
			<trusted-content>http://192.168.10.242:8085</trusted-content>
			<trusted-content>http://localhost:8085</trusted-content>
			<allow-selection>true</allow-selection>
		</dashboard>
	</dashboards>
</application>